City,State,Temperature
NYC,New York,19.444444444444443
Albany,New York,9.444444444444445
Buffalo,New York,3.3333333333333335
Hartford,Connecticut,17.22222222222222
Bridgeport,Connecticut,14.444444444444445
Treton,New Jersey,22.22222222222222
Newark,New Jersey,20.0
